{"dataURL":"file:\/\/\/Users\/choi-jinyong\/Documents\/starter\/Pets-1000\/Cat\/","id":"2A347585-4650-40B0-99B0-041D78BA74EF","createdDate":"2021-10-29T05:53:56Z","title":"Cat","modifiedDate":"2021-10-29T05:53:56Z","preferredFilename":"Cat","version":"1.0","dataResult":{"dataURL":"file:\/\/\/Users\/choi-jinyong\/Documents\/starter\/Pets-1000\/Cat\/","createdDate":"2021-10-29T05:53:56Z","dataSourceID":"2A347585-4650-40B0-99B0-041D78BA74EF"},"activityEntities":["dataSourceCreated",[{"id":"D9514357-058B-4B02-97A1-370206F584BC","title":"Data Source Created","createdDate":"2021-10-29T05:53:56Z","event":"dataSourceCreated","subtitle":"Cat"}]],"pathType":0,"experimentIDs":["A07AB37A-9B1D-4DF5-8B51-A45561A25034"]}