{"dataURL":"file:\/\/\/Users\/choi-jinyong\/Desktop\/Petsearcher\/","id":"D877BE36-4B21-46D6-A529-4C7A68735900","createdDate":"2021-11-01T17:52:28Z","title":"Petsearcher","modifiedDate":"2021-11-02T19:07:58Z","preferredFilename":"Petsearcher","version":"1.0","dataResult":{"dataURL":"file:\/\/\/Users\/choi-jinyong\/Desktop\/Petsearcher\/","createdDate":"2021-11-01T17:52:28Z","dataSourceID":"D877BE36-4B21-46D6-A529-4C7A68735900"},"activityEntities":["dataSourceMetrics",[{"id":"E412B710-B998-46AB-ABC6-220FF67656B2","title":"Data Summary","createdDate":"2021-11-01T17:53:50Z","event":"dataSourceMetrics","subtitle":"40 Classes, 2,539 Items"},{"id":"7654CF29-4FF8-4609-9ADF-FEACF48DE521","title":"Data Summary","createdDate":"2021-11-01T18:09:19Z","event":"dataSourceMetrics","subtitle":"40 Classes, 2,539 Items"},{"id":"20CC5532-FB4D-47A3-AB3F-E072D3C54764","title":"Data Summary","createdDate":"2021-11-02T01:26:27Z","event":"dataSourceMetrics","subtitle":"40 Classes, 2,539 Items"},{"id":"A2AD4873-1FD8-45B7-8C1A-19942DDEF76C","title":"Data Summary","createdDate":"2021-11-02T01:47:50Z","event":"dataSourceMetrics","subtitle":"40 Classes, 2,539 Items"},{"id":"76820082-762C-4F7A-987B-3D2705B85744","title":"Data Summary","createdDate":"2021-11-02T02:09:43Z","event":"dataSourceMetrics","subtitle":"40 Classes, 2,539 Items"},{"id":"50BEED9D-72F0-4347-BFB0-9DD9CBD7C8DC","title":"Data Summary","createdDate":"2021-11-02T06:13:21Z","event":"dataSourceMetrics","subtitle":"40 Classes, 2,539 Items"},{"id":"EB58E908-EED8-4F49-B776-8FF38E58FACB","title":"Data Summary","createdDate":"2021-11-02T16:28:33Z","event":"dataSourceMetrics","subtitle":"40 Classes, 2,539 Items"},{"id":"88FF32C8-69B8-48CE-B247-F34E52457BB5","title":"Data Summary","createdDate":"2021-11-02T18:57:13Z","event":"dataSourceMetrics","subtitle":"40 Classes, 2,539 Items"},{"id":"6A5BC245-84DF-40BB-8FD5-7E82C9EB3A75","title":"Data Summary","createdDate":"2021-11-02T19:07:58Z","event":"dataSourceMetrics","subtitle":"40 Classes, 2,539 Items"}],"dataSourceCreated",[{"id":"F4F98F01-0AA7-476E-9BB1-2430443BF779","title":"Data Source Created","createdDate":"2021-11-01T17:52:28Z","event":"dataSourceCreated","subtitle":"Petsearcher"}],"dataSourceTrainingStarted",[{"id":"DD3449CF-F70C-4093-8EEB-A06D88D0141D","title":"Used By","createdDate":"2021-11-01T17:53:50Z","event":"dataSourceTrainingStarted","subtitle":"PetSearcher"},{"id":"DF5ADE97-4938-4E76-8AA0-84AA5AAA31FC","title":"Used By","createdDate":"2021-11-01T18:09:19Z","event":"dataSourceTrainingStarted","subtitle":"PumjongClassifier 1"},{"id":"C752FCF7-0659-480F-A373-72A9643F23D7","title":"Used By","createdDate":"2021-11-02T01:26:27Z","event":"dataSourceTrainingStarted","subtitle":"PumjongClassifier 2"},{"id":"160E882A-724C-4C2A-8DAD-DF9348ADFBFE","title":"Used By","createdDate":"2021-11-02T01:47:50Z","event":"dataSourceTrainingStarted","subtitle":"PumjongClassifier 4"},{"id":"EA3BE799-5BC2-4520-8047-CE67F77202EF","title":"Used By","createdDate":"2021-11-02T02:09:43Z","event":"dataSourceTrainingStarted","subtitle":"PumjongClassifier 5"},{"id":"3F43DAA3-DCC5-49B3-9C0B-4F44C3552F25","title":"Used By","createdDate":"2021-11-02T06:13:21Z","event":"dataSourceTrainingStarted","subtitle":"PumjongClassifier 6"},{"id":"B2257DB4-AC3F-40BE-A8AB-D48635B22A3E","title":"Used By","createdDate":"2021-11-02T16:28:33Z","event":"dataSourceTrainingStarted","subtitle":"PumjongClassifier 7"},{"id":"0A9FD910-9D5A-4037-B895-F8B4C80FCB5E","title":"Used By","createdDate":"2021-11-02T18:57:13Z","event":"dataSourceTrainingStarted","subtitle":"PumjongClassifier 3"},{"id":"CA40C1A4-BEA5-4B3C-9C84-EE7C1D112B1D","title":"Used By","createdDate":"2021-11-02T19:07:58Z","event":"dataSourceTrainingStarted","subtitle":"PumjongClassifier 3"}]],"pathType":0,"experimentIDs":["4531E07C-F2E9-4BDE-AC0A-EDD92236CCF7","A6A41402-957F-4D76-ABD5-84A41A8DEB65","6338F1C9-EBD5-4D07-8B72-8763D5ED6130","B44E0BB2-7E13-47DA-9D6F-8033B688BE41","448F1243-4DED-4D86-9F04-87D04FBA7AB5","357445C3-8635-4858-897B-95D8DA3C3046","08F2D104-BE8D-4262-ACBD-C0F5751A4FA6","D4B7795E-2808-453A-9A9B-35E9C1671E85"]}