{"dataURL":"file:\/\/\/Users\/choi-jinyong\/Documents\/starter\/Pets-1000\/","id":"69D5EC6B-72F7-4279-BEE5-386C0EA4D301","createdDate":"2021-10-29T05:42:04Z","title":"Pets-1000","modifiedDate":"2021-11-02T18:57:06Z","preferredFilename":"Pets-1000","version":"1.0","dataResult":{"dataURL":"file:\/\/\/Users\/choi-jinyong\/Documents\/starter\/Pets-1000\/","createdDate":"2021-10-29T05:42:04Z","dataSourceID":"69D5EC6B-72F7-4279-BEE5-386C0EA4D301"},"activityEntities":["dataSourceMetrics",[{"id":"03857EF1-2EF5-4FC2-8055-CFD003F205AE","title":"Data Summary","createdDate":"2021-10-29T05:43:05Z","event":"dataSourceMetrics","subtitle":"2 Classes, 1,000 Items"}],"dataSourceCreated",[{"id":"57D7A533-DAFF-4A93-93E8-E77F963929ED","title":"Data Source Created","createdDate":"2021-10-29T05:42:04Z","event":"dataSourceCreated","subtitle":"Pets-1000"}],"dataSourceTrainingStarted",[{"id":"46C1AF10-B5E2-4313-9B00-FDD1B81F8D84","title":"Used By","createdDate":"2021-10-29T05:43:05Z","event":"dataSourceTrainingStarted","subtitle":"PumjongClassifier 1"}]],"pathType":0,"experimentIDs":["A6A41402-957F-4D76-ABD5-84A41A8DEB65","B44E0BB2-7E13-47DA-9D6F-8033B688BE41"]}