{"dataURL":"file:\/\/\/Users\/choi-jinyong\/Desktop\/%E1%84%91%E1%85%AE%E1%86%B7%E1%84%8C%E1%85%A9%E1%86%BC\/","id":"118D5307-358B-47D8-B3B9-CF8C6DB153C0","createdDate":"2021-10-29T05:41:02Z","title":"품종","modifiedDate":"2021-11-02T06:10:50Z","preferredFilename":"품종","version":"1.0","dataResult":{"createdDate":"2021-10-29T05:41:02Z","dataURL":"file:\/\/\/Users\/choi-jinyong\/Desktop\/%E1%84%91%E1%85%AE%E1%86%B7%E1%84%8C%E1%85%A9%E1%86%BC\/","dataSourceID":"118D5307-358B-47D8-B3B9-CF8C6DB153C0","error":{"code":2,"reason":"file not present at \"품종\"","domain":"MLRecipeCreateMLAdaptor.RecipeSession.DataAccessError","errorType":"error"}},"activityEntities":["dataSourceCreated",[{"id":"C0DA9854-CA88-4248-81E9-093A6083E34E","title":"Data Source Created","createdDate":"2021-10-29T05:41:02Z","event":"dataSourceCreated","subtitle":"품종"}]],"pathType":0,"experimentIDs":["EA87D03D-C9C4-486A-B5F5-1D92C7B4D140","A07AB37A-9B1D-4DF5-8B51-A45561A25034","08F2D104-BE8D-4262-ACBD-C0F5751A4FA6"]}